                  epoch,         train/box_loss,         train/cls_loss,         train/dfl_loss,   metrics/precision(B),      metrics/recall(B),       metrics/mAP50(B),    metrics/mAP50-95(B),           val/box_loss,           val/cls_loss,           val/dfl_loss,                 lr/pg0,                 lr/pg1,                 lr/pg2
                      0,                 1.4957,                    1.1,                 1.1545,                0.69003,                0.54321,                0.59006,                0.31164,                 1.4654,                0.81997,                 1.1348,              0.0033305,              0.0033305,              0.0033305
                      1,                 1.4667,                 0.8948,                 1.1313,                0.72587,                0.53403,                0.60154,                0.31327,                 1.4759,                0.85391,                 1.1257,              0.0066308,              0.0066308,              0.0066308
                      2,                 1.5033,                0.94493,                 1.1559,                0.64635,                0.50697,                0.54364,                0.27697,                  1.498,                0.89715,                 1.1613,              0.0098982,              0.0098982,              0.0098982
                      3,                  1.547,                0.97495,                 1.1861,                0.65255,                0.51279,                0.55061,                0.28127,                 1.5097,                 0.8951,                 1.1647,              0.0098515,              0.0098515,              0.0098515
                      4,                 1.5216,                0.94589,                 1.1764,                0.65655,                0.53496,                0.57754,                0.29531,                 1.5098,                0.88141,                 1.1709,              0.0098515,              0.0098515,              0.0098515
                      5,                 1.5001,                 0.9164,                  1.169,                0.70268,                0.54754,                0.60115,                0.31438,                 1.4625,                0.85331,                 1.1529,               0.009802,               0.009802,               0.009802
                      6,                 1.4765,                0.88825,                 1.1574,                 0.7062,                 0.5657,                0.61883,                 0.3235,                 1.4578,                0.83433,                 1.1471,              0.0097525,              0.0097525,              0.0097525
                      7,                 1.4629,                0.86942,                  1.157,                0.70739,                0.57737,                0.61704,                0.32978,                 1.4685,                0.82564,                 1.1569,               0.009703,               0.009703,               0.009703
                      8,                 1.4521,                0.85461,                 1.1471,                0.71865,                 0.5747,                0.62913,                0.33718,                 1.4397,                0.80318,                 1.1417,              0.0096535,              0.0096535,              0.0096535
                      9,                  1.431,                0.83795,                 1.1397,                0.72115,                0.58704,                0.64171,                0.34735,                 1.4306,                0.79318,                 1.1388,               0.009604,               0.009604,               0.009604
                     10,                 1.4198,                 0.8241,                 1.1386,                0.72634,                0.58791,                0.64713,                0.34939,                 1.4198,                0.78519,                 1.1395,              0.0095545,              0.0095545,              0.0095545
                     11,                 1.4115,                0.81945,                 1.1359,                0.73387,                0.58931,                0.64443,                0.34458,                  1.404,                0.78726,                 1.1186,               0.009505,               0.009505,               0.009505
                     12,                 1.4031,                0.81053,                 1.1264,                0.74546,                0.60174,                0.65441,                0.35622,                  1.411,                0.76967,                 1.1269,              0.0094555,              0.0094555,              0.0094555
                     13,                 1.3926,                0.80096,                 1.1226,                0.75983,                0.60377,                0.66413,                0.35821,                  1.408,                0.76057,                 1.1133,               0.009406,               0.009406,               0.009406
                     14,                 1.3853,                0.78987,                  1.118,                0.73437,                0.61314,                0.66747,                0.36777,                 1.3973,                0.75361,                 1.1151,              0.0093565,              0.0093565,              0.0093565
                     15,                 1.3808,                0.78987,                 1.1161,                 0.7613,                0.61109,                0.66922,                0.36951,                  1.398,                0.74848,                 1.1186,               0.009307,               0.009307,               0.009307
                     16,                 1.3722,                0.77962,                 1.1152,                0.77313,                0.62243,                 0.6799,                0.37359,                  1.396,                0.74072,                 1.1136,              0.0092575,              0.0092575,              0.0092575
                     17,                 1.3683,                0.77114,                  1.112,                0.76305,                0.62711,                0.68308,                0.37996,                 1.3916,                0.73424,                 1.1129,               0.009208,               0.009208,               0.009208
                     18,                 1.3647,                 0.7657,                 1.1059,                0.76267,                0.62239,                 0.6807,                 0.3786,                 1.3773,                0.73032,                  1.108,              0.0091585,              0.0091585,              0.0091585
                     19,                 1.3527,                0.75686,                 1.1042,                0.76293,                0.61659,                0.68196,                 0.3797,                 1.3656,                0.72934,                 1.1051,               0.009109,               0.009109,               0.009109
                     20,                 1.3473,                0.75368,                 1.0991,                0.76958,                 0.6247,                0.68281,                0.37839,                 1.3691,                0.72283,                 1.1052,              0.0090595,              0.0090595,              0.0090595
                     21,                 1.3474,                0.74905,                 1.0982,                 0.7858,                0.61734,                0.69215,                0.38648,                 1.3744,                 0.7223,                 1.1017,                0.00901,                0.00901,                0.00901
                     22,                 1.3414,                0.74803,                 1.0986,                 0.7636,                0.64405,                0.70495,                0.39206,                 1.3673,                0.71736,                  1.102,              0.0089605,              0.0089605,              0.0089605
                     23,                 1.3338,                0.74026,                 1.0953,                0.80373,                0.63088,                0.70632,                0.39569,                 1.3588,                0.70595,                 1.0958,               0.008911,               0.008911,               0.008911
                     24,                 1.3311,                0.73418,                 1.0923,                0.78646,                0.63918,                0.70675,                0.39545,                 1.3683,                 0.7063,                  1.105,              0.0088615,              0.0088615,              0.0088615
                     25,                 1.3196,                0.73128,                 1.0901,                0.78773,                0.63955,                0.70631,                0.39943,                 1.3513,                0.69425,                 1.0999,               0.008812,               0.008812,               0.008812
                     26,                 1.3188,                0.72587,                 1.0929,                0.77267,                0.64904,                0.70814,                0.40276,                 1.3509,                0.69646,                 1.1027,              0.0087625,              0.0087625,              0.0087625
                     27,                 1.3076,                0.72066,                 1.0875,                0.78755,                  0.648,                0.71342,                0.40384,                 1.3461,                0.69231,                 1.0983,               0.008713,               0.008713,               0.008713
                     28,                  1.304,                0.71811,                 1.0822,                0.79658,                0.65118,                0.71555,                0.40469,                 1.3518,                0.68594,                  1.097,              0.0086635,              0.0086635,              0.0086635
                     29,                 1.2986,                0.71226,                 1.0785,                0.79411,                0.65932,                 0.7157,                0.40533,                  1.335,                0.67892,                 1.0837,               0.008614,               0.008614,               0.008614
                     30,                 1.2966,                0.70541,                 1.0772,                  0.785,                0.66034,                0.72177,                0.41191,                  1.336,                 0.6776,                 1.0901,              0.0085645,              0.0085645,              0.0085645
                     31,                 1.2978,                0.69937,                 1.0835,                0.78013,                0.65584,                0.71537,                0.41072,                  1.324,                0.67147,                 1.0841,               0.008515,               0.008515,               0.008515
                     32,                 1.2897,                 0.7045,                 1.0751,                 0.8174,                0.64493,                0.72203,                0.41399,                 1.3331,                0.67344,                 1.0852,              0.0084655,              0.0084655,              0.0084655
                     33,                 1.2818,                0.69738,                 1.0725,                0.81256,                0.65736,                0.72863,                0.41664,                 1.3271,                0.67118,                 1.0845,               0.008416,               0.008416,               0.008416
                     34,                 1.2838,                0.69454,                 1.0753,                0.79499,                0.66409,                0.72614,                0.41134,                 1.3238,                0.66274,                 1.0858,              0.0083665,              0.0083665,              0.0083665
                     35,                 1.2784,                0.69264,                 1.0723,                0.81329,                 0.6609,                0.72828,                0.42085,                 1.3162,                0.66009,                 1.0818,               0.008317,               0.008317,               0.008317
                     36,                 1.2738,                0.68997,                 1.0698,                 0.8044,                0.66492,                0.73077,                0.42054,                 1.3195,                0.66459,                 1.0797,              0.0082675,              0.0082675,              0.0082675
                     37,                  1.273,                 0.6858,                 1.0691,                0.81055,                0.65737,                0.72791,                0.42199,                 1.3185,                0.65839,                 1.0853,               0.008218,               0.008218,               0.008218
                     38,                 1.2655,                0.67964,                 1.0684,                0.81053,                0.66662,                0.73579,                0.42814,                 1.3108,                0.65326,                 1.0785,              0.0081685,              0.0081685,              0.0081685
                     39,                 1.2589,                0.67842,                 1.0637,                0.81421,                0.66148,                0.73644,                0.42581,                 1.3083,                0.65148,                 1.0768,               0.008119,               0.008119,               0.008119
                     40,                  1.261,                0.67483,                 1.0601,                0.80333,                0.67228,                 0.7344,                0.42404,                  1.307,                0.64829,                 1.0716,              0.0080695,              0.0080695,              0.0080695
                     41,                 1.2526,                 0.6699,                 1.0573,                0.81706,                0.65898,                 0.7373,                 0.4326,                 1.3058,                0.64687,                 1.0728,                0.00802,                0.00802,                0.00802
                     42,                 1.2492,                0.66692,                 1.0567,                0.82236,                0.66908,                0.73691,                0.43138,                 1.3014,                0.64219,                 1.0664,              0.0079705,              0.0079705,              0.0079705
                     43,                  1.247,                0.66474,                 1.0563,                0.81736,                0.67047,                 0.7375,                 0.4305,                 1.3033,                0.64349,                 1.0714,               0.007921,               0.007921,               0.007921
                     44,                 1.2395,                0.66185,                 1.0534,                0.81938,                 0.6729,                0.74245,                0.43471,                  1.299,                 0.6383,                 1.0721,              0.0078715,              0.0078715,              0.0078715
                     45,                 1.2396,                0.65979,                 1.0542,                0.81234,                0.67512,                0.74257,                 0.4389,                 1.2943,                0.63471,                 1.0708,               0.007822,               0.007822,               0.007822
                     46,                 1.2402,                0.65956,                  1.059,                0.82834,                0.67765,                0.74996,                0.44078,                 1.2962,                0.63232,                 1.0724,              0.0077725,              0.0077725,              0.0077725
                     47,                 1.2357,                0.65674,                 1.0522,                0.82505,                0.67347,                0.74968,                0.43857,                 1.2924,                0.63399,                  1.066,               0.007723,               0.007723,               0.007723
                     48,                 1.2354,                0.65384,                 1.0485,                0.82449,                0.67633,                0.74909,                0.44284,                 1.2897,                0.62937,                 1.0657,              0.0076735,              0.0076735,              0.0076735
                     49,                 1.2302,                0.64942,                 1.0477,                0.84228,                0.67146,                0.75078,                0.44505,                 1.2866,                0.62769,                 1.0641,               0.007624,               0.007624,               0.007624
                     50,                 1.2246,                0.65345,                 1.0521,                 0.8354,                0.67626,                 0.7483,                0.44486,                 1.2843,                0.62626,                 1.0657,              0.0075745,              0.0075745,              0.0075745
                     51,                 1.2175,                0.64195,                 1.0447,                0.83163,                0.66982,                0.74737,                0.44411,                  1.282,                0.62295,                 1.0625,               0.007525,               0.007525,               0.007525
                     52,                 1.2097,                0.64019,                 1.0424,                0.83141,                0.67615,                0.75064,                0.44683,                 1.2834,                0.62087,                  1.063,              0.0074755,              0.0074755,              0.0074755
                     53,                 1.2152,                0.64345,                 1.0423,                0.83064,                0.68467,                0.75293,                0.44898,                 1.2818,                 0.6191,                 1.0611,               0.007426,               0.007426,               0.007426
                     54,                 1.2132,                0.64017,                 1.0441,                0.84051,                0.67968,                0.75274,                0.44987,                 1.2793,                0.61671,                  1.062,              0.0073765,              0.0073765,              0.0073765
                     55,                 1.2107,                0.63777,                 1.0415,                0.83894,                0.67919,                  0.758,                0.45472,                 1.2744,                0.61371,                 1.0604,               0.007327,               0.007327,               0.007327
                     56,                 1.2019,                0.62774,                 1.0387,                0.82723,                0.68872,                0.76059,                0.45532,                 1.2733,                0.61187,                 1.0597,              0.0072775,              0.0072775,              0.0072775
                     57,                 1.2044,                0.63242,                 1.0414,                   0.83,                0.68064,                0.75732,                0.45245,                 1.2757,                0.61222,                 1.0616,               0.007228,               0.007228,               0.007228
                     58,                 1.1941,                0.62449,                 1.0336,                0.81885,                0.68955,                0.75675,                0.45391,                 1.2729,                0.60947,                 1.0588,              0.0071785,              0.0071785,              0.0071785
                     59,                 1.1972,                0.62636,                 1.0405,                0.82893,                0.68961,                0.75817,                 0.4576,                 1.2717,                0.60965,                 1.0606,               0.007129,               0.007129,               0.007129
                     60,                 1.1884,                 0.6171,                  1.034,                0.83588,                0.68574,                0.76165,                0.46013,                 1.2679,                0.60699,                 1.0586,              0.0070795,              0.0070795,              0.0070795
                     61,                 1.1889,                 0.6248,                 1.0322,                0.81984,                0.69535,                0.76076,                 0.4592,                 1.2662,                0.60437,                 1.0564,                0.00703,                0.00703,                0.00703
                     62,                 1.1778,                0.61472,                 1.0288,                0.82822,                 0.6871,                0.75931,                 0.4578,                 1.2669,                 0.6058,                 1.0557,              0.0069805,              0.0069805,              0.0069805
                     63,                 1.1819,                0.61756,                 1.0344,                 0.8358,                0.68871,                0.75733,                0.45933,                 1.2649,                0.60208,                 1.0581,               0.006931,               0.006931,               0.006931
                     64,                 1.1759,                0.61339,                 1.0329,                0.83423,                 0.6926,                0.76033,                0.45998,                  1.267,                0.59993,                 1.0583,              0.0068815,              0.0068815,              0.0068815
                     65,                 1.1789,                0.61339,                 1.0322,                0.83144,                0.69343,                0.76283,                0.46105,                 1.2652,                0.60089,                 1.0586,               0.006832,               0.006832,               0.006832
                     66,                 1.1812,                0.61463,                 1.0307,                0.82792,                0.69453,                 0.7645,                0.46229,                 1.2646,                0.59933,                 1.0572,              0.0067825,              0.0067825,              0.0067825
                     67,                 1.1722,                0.60927,                 1.0272,                0.83892,                0.69085,                0.76465,                0.46154,                 1.2623,                0.59789,                 1.0551,               0.006733,               0.006733,               0.006733
                     68,                 1.1683,                0.60612,                 1.0256,                0.82833,                0.69354,                0.76545,                0.46246,                 1.2611,                0.59455,                 1.0526,              0.0066835,              0.0066835,              0.0066835
                     69,                 1.1649,                0.60277,                 1.0265,                0.83448,                 0.6915,                 0.7675,                0.46505,                 1.2583,                0.59286,                 1.0529,               0.006634,               0.006634,               0.006634
                     70,                 1.1658,                0.60211,                 1.0244,                0.84148,                0.68855,                0.76794,                0.46684,                 1.2564,                0.59237,                 1.0531,              0.0065845,              0.0065845,              0.0065845
                     71,                 1.1551,                0.59691,                 1.0214,                0.82568,                0.70308,                0.76894,                0.46761,                 1.2564,                0.59113,                 1.0527,               0.006535,               0.006535,               0.006535
                     72,                 1.1598,                0.59906,                 1.0228,                0.83214,                0.70318,                0.76891,                0.46903,                  1.255,                 0.5905,                 1.0519,              0.0064855,              0.0064855,              0.0064855
                     73,                 1.1549,                0.59684,                 1.0229,                0.83574,                0.70215,                0.76821,                0.46961,                 1.2535,                0.58949,                 1.0515,               0.006436,               0.006436,               0.006436
                     74,                 1.1503,                0.59255,                 1.0189,                0.83656,                0.70137,                0.76874,                0.47019,                 1.2522,                0.58736,                   1.05,              0.0063865,              0.0063865,              0.0063865
                     75,                 1.1538,                 0.5964,                 1.0217,                0.83316,                0.70368,                 0.7693,                0.47044,                 1.2509,                0.58677,                 1.0502,               0.006337,               0.006337,               0.006337
                     76,                 1.1513,                0.59289,                 1.0196,                0.82992,                0.71168,                0.76966,                 0.4708,                 1.2491,                0.58771,                 1.0502,              0.0062875,              0.0062875,              0.0062875
                     77,                 1.1458,                0.59004,                 1.0144,                  0.833,                0.70784,                0.77038,                0.47085,                 1.2484,                0.58645,                 1.0499,               0.006238,               0.006238,               0.006238
                     78,                 1.1394,                0.58741,                 1.0171,                0.83813,                0.70896,                0.77454,                0.47328,                 1.2481,                0.58466,                 1.0496,              0.0061885,              0.0061885,              0.0061885
                     79,                 1.1335,                0.58187,                 1.0122,                0.83477,                0.71004,                0.77446,                0.47519,                  1.245,                0.58367,                 1.0487,               0.006139,               0.006139,               0.006139
                     80,                 1.1307,                 0.5818,                 1.0065,                0.83661,                0.70861,                0.77491,                0.47622,                 1.2443,                0.58236,                 1.0483,              0.0060895,              0.0060895,              0.0060895
                     81,                 1.1348,                0.57955,                  1.013,                 0.8367,                0.70797,                0.77575,                0.47648,                 1.2443,                0.58087,                 1.0485,                0.00604,                0.00604,                0.00604
                     82,                 1.1268,                 0.5784,                 1.0105,                0.83782,                0.71231,                0.77728,                0.47768,                 1.2429,                0.57927,                 1.0481,              0.0059905,              0.0059905,              0.0059905
                     83,                 1.1284,                0.57909,                  1.012,                0.84623,                0.71124,                0.77791,                0.47776,                 1.2418,                0.57778,                 1.0485,               0.005941,               0.005941,               0.005941
                     84,                  1.121,                0.57586,                 1.0063,                0.85026,                0.70797,                0.77644,                0.47751,                 1.2417,                0.57752,                 1.0489,              0.0058915,              0.0058915,              0.0058915
                     85,                  1.124,                0.58093,                 1.0097,                0.85117,                0.70714,                 0.7757,                0.47711,                 1.2412,                0.57728,                 1.0495,               0.005842,               0.005842,               0.005842
                     86,                 1.1159,                0.57023,                 1.0053,                0.84277,                0.71516,                0.77719,                0.47828,                 1.2412,                0.57745,                 1.0496,              0.0057925,              0.0057925,              0.0057925
                     87,                  1.117,                0.57253,                 1.0103,                0.84438,                0.71235,                0.77716,                0.47858,                 1.2407,                0.57636,                   1.05,               0.005743,               0.005743,               0.005743
                     88,                  1.114,                0.56974,                 1.0031,                0.84648,                0.70956,                 0.7786,                 0.4794,                   1.24,                 0.5752,                 1.0494,              0.0056935,              0.0056935,              0.0056935
                     89,                 1.1069,                0.56591,                 1.0027,                  0.843,                0.71204,                0.77825,                0.48005,                 1.2387,                0.57393,                 1.0486,               0.005644,               0.005644,               0.005644
                     90,                 1.1078,                0.56491,                 1.0034,                0.84509,                0.71263,                0.77875,                0.47973,                 1.2381,                 0.5725,                 1.0481,              0.0055945,              0.0055945,              0.0055945
                     91,                 1.1027,                 0.5636,                 1.0024,                0.84805,                0.71139,                0.78065,                0.48176,                 1.2366,                 0.5718,                 1.0477,               0.005545,               0.005545,               0.005545
                     92,                 1.1036,                0.56064,                 1.0045,                 0.8539,                0.70797,                0.78076,                0.48175,                 1.2362,                0.57123,                 1.0476,              0.0054955,              0.0054955,              0.0054955
                     93,                 1.1032,                0.56418,                0.99951,                0.85075,                0.71382,                0.78137,                0.48174,                 1.2358,                0.57086,                 1.0476,               0.005446,               0.005446,               0.005446
                     94,                 1.0979,                0.55936,                0.99536,                0.84978,                0.71459,                0.78178,                0.48202,                 1.2351,                0.57061,                 1.0474,              0.0053965,              0.0053965,              0.0053965
                     95,                 1.0995,                 0.5595,                0.99828,                0.83827,                0.71847,                0.77987,                0.48101,                 1.2346,                 0.5702,                 1.0475,               0.005347,               0.005347,               0.005347
                     96,                 1.0967,                0.55727,                 1.0007,                0.83875,                0.71883,                0.78066,                0.48111,                 1.2345,                0.57002,                 1.0475,              0.0052975,              0.0052975,              0.0052975
                     97,                 1.0905,                0.55423,                0.99612,                 0.8414,                0.71695,                0.78157,                0.48203,                 1.2346,                 0.5694,                 1.0475,               0.005248,               0.005248,               0.005248
                     98,                 1.0926,                0.55501,                0.99504,                0.84723,                0.71224,                0.78104,                0.48204,                 1.2334,                0.56903,                 1.0471,              0.0051985,              0.0051985,              0.0051985
                     99,                 1.0877,                0.55291,                0.99555,                0.84238,                0.71656,                0.78217,                0.48211,                 1.2332,                0.56817,                 1.0469,               0.005149,               0.005149,               0.005149
                    100,                 1.0789,                0.54716,                0.99087,                0.84284,                0.71637,                0.78247,                0.48305,                 1.2329,                0.56826,                  1.047,              0.0050995,              0.0050995,              0.0050995
                    101,                 1.0743,                0.54541,                0.98651,                 0.8391,                0.71701,                0.78138,                0.48364,                 1.2327,                0.56777,                 1.0468,                0.00505,                0.00505,                0.00505
                    102,                 1.0758,                0.54331,                0.98993,                 0.8355,                0.71961,                 0.7815,                0.48449,                 1.2323,                0.56744,                 1.0465,              0.0050005,              0.0050005,              0.0050005
                    103,                 1.0784,                 0.5475,                0.99388,                0.83023,                 0.7266,                0.78227,                0.48526,                 1.2317,                0.56681,                 1.0466,               0.004951,               0.004951,               0.004951
                    104,                 1.0706,                0.54245,                0.98705,                0.83793,                0.71951,                0.78215,                0.48482,                 1.2311,                0.56668,                 1.0466,              0.0049015,              0.0049015,              0.0049015
                    105,                 1.0706,                0.53952,                0.98653,                0.85041,                0.71009,                0.78208,                0.48503,                 1.2304,                0.56687,                 1.0465,               0.004852,               0.004852,               0.004852
                    106,                 1.0646,                0.53803,                0.98762,                0.85166,                0.71012,                0.78223,                0.48493,                 1.2297,                0.56641,                 1.0466,              0.0048025,              0.0048025,              0.0048025
                    107,                 1.0611,                0.53702,                0.98602,                0.85392,                 0.7093,                0.78267,                0.48509,                 1.2299,                0.56632,                 1.0466,               0.004753,               0.004753,               0.004753
                    108,                 1.0591,                0.53653,                0.98407,                0.85815,                0.70739,                0.78368,                0.48571,                 1.2294,                0.56567,                 1.0464,              0.0047035,              0.0047035,              0.0047035
                    109,                 1.0544,                0.53471,                  0.983,                0.85078,                0.71225,                0.78325,                0.48567,                 1.2294,                0.56555,                 1.0464,               0.004654,               0.004654,               0.004654
                    110,                 1.0521,                0.53056,                0.98008,                0.85586,                0.71093,                 0.7848,                0.48676,                 1.2289,                0.56482,                 1.0462,              0.0046045,              0.0046045,              0.0046045
                    111,                 1.0492,                0.52873,                0.98075,                0.85592,                 0.7105,                0.78555,                0.48751,                 1.2286,                0.56457,                 1.0463,               0.004555,               0.004555,               0.004555
                    112,                 1.0523,                0.52883,                0.97977,                0.85717,                0.70899,                0.78601,                0.48761,                 1.2282,                0.56425,                 1.0462,              0.0045055,              0.0045055,              0.0045055
                    113,                 1.0453,                0.52719,                0.98236,                0.85622,                0.71024,                0.78706,                0.48782,                 1.2281,                0.56375,                 1.0461,               0.004456,               0.004456,               0.004456
                    114,                 1.0467,                0.52925,                0.97927,                0.85672,                0.70992,                0.78671,                0.48788,                 1.2277,                0.56323,                  1.046,              0.0044065,              0.0044065,              0.0044065
                    115,                 1.0411,                0.52387,                0.97628,                0.85329,                0.71196,                0.78656,                0.48815,                 1.2273,                0.56258,                 1.0459,               0.004357,               0.004357,               0.004357
                    116,                 1.0357,                0.52338,                 0.9751,                0.85436,                0.71305,                0.78621,                0.48848,                 1.2269,                0.56203,                  1.046,              0.0043075,              0.0043075,              0.0043075
                    117,                 1.0346,                0.51944,                0.97325,                0.85194,                0.71535,                 0.7855,                0.48833,                 1.2267,                0.56166,                  1.046,               0.004258,               0.004258,               0.004258
                    118,                 1.0336,                0.52043,                0.97494,                0.85299,                0.71536,                0.78569,                0.48875,                 1.2262,                0.56119,                 1.0458,              0.0042085,              0.0042085,              0.0042085
                    119,                 1.0332,                0.51888,                0.97281,                 0.8535,                0.71608,                0.78611,                0.48944,                 1.2256,                0.56105,                 1.0458,               0.004159,               0.004159,               0.004159
                    120,                 1.0278,                 0.5168,                0.97471,                0.85263,                0.71624,                0.78638,                0.48918,                 1.2252,                0.56076,                 1.0457,              0.0041095,              0.0041095,              0.0041095
                    121,                 1.0303,                0.51703,                0.97468,                0.85364,                0.71728,                0.78767,                0.48954,                 1.2251,                0.56063,                 1.0457,                0.00406,                0.00406,                0.00406
                    122,                 1.0278,                0.51682,                0.97453,                0.85132,                0.71902,                0.78766,                0.48959,                 1.2246,                0.56047,                 1.0457,              0.0040105,              0.0040105,              0.0040105
                    123,                 1.0206,                0.51456,                0.97265,                0.85387,                0.71852,                0.78784,                0.48954,                 1.2247,                0.56033,                 1.0458,               0.003961,               0.003961,               0.003961
                    124,                 1.0199,                0.51221,                0.96971,                0.85394,                0.71773,                0.78743,                0.48954,                 1.2242,                0.56011,                 1.0456,              0.0039115,              0.0039115,              0.0039115
                    125,                 1.0152,                0.51368,                  0.966,                0.85404,                 0.7165,                0.78777,                0.48933,                 1.2241,                0.55994,                 1.0456,               0.003862,               0.003862,               0.003862
                    126,                 1.0145,                0.50754,                0.96923,                0.85375,                0.71682,                0.78803,                0.48983,                 1.2237,                0.55938,                 1.0455,              0.0038125,              0.0038125,              0.0038125
                    127,                 1.0102,                0.50578,                0.96144,                 0.8543,                0.71612,                0.78822,                0.49019,                 1.2237,                0.55926,                 1.0454,               0.003763,               0.003763,               0.003763
                    128,                 1.0035,                0.50161,                0.96161,                0.85161,                0.71746,                0.78878,                 0.4902,                 1.2234,                0.55912,                 1.0452,              0.0037135,              0.0037135,              0.0037135
                    129,                 1.0079,                0.50594,                0.96429,                0.85111,                0.71601,                0.78773,                0.49032,                 1.2232,                 0.5588,                 1.0451,               0.003664,               0.003664,               0.003664
                    130,                 1.0053,                0.50354,                0.96194,                0.84956,                0.71676,                0.78766,                0.49116,                 1.2229,                0.55861,                  1.045,              0.0036145,              0.0036145,              0.0036145
                    131,                 1.0046,                0.50303,                0.96135,                 0.8491,                0.71785,                0.78791,                0.49134,                 1.2227,                0.55831,                 1.0449,               0.003565,               0.003565,               0.003565
                    132,                0.99717,                0.49942,                0.95799,                0.85032,                0.71734,                0.78816,                0.49175,                 1.2227,                0.55793,                 1.0449,              0.0035155,              0.0035155,              0.0035155
                    133,                0.99689,                0.49843,                0.96145,                 0.8504,                0.71793,                0.78824,                0.49187,                 1.2226,                0.55765,                 1.0448,               0.003466,               0.003466,               0.003466
                    134,                0.98939,                0.49665,                0.96134,                0.85072,                0.71877,                0.78736,                0.49182,                 1.2222,                0.55762,                 1.0448,              0.0034165,              0.0034165,              0.0034165
                    135,                0.99526,                0.49862,                0.96283,                0.84919,                0.71938,                0.78799,                0.49189,                  1.222,                0.55772,                 1.0447,               0.003367,               0.003367,               0.003367
                    136,                0.98916,                0.49383,                0.95926,                0.84876,                0.71952,                0.78835,                0.49265,                 1.2218,                0.55747,                 1.0448,              0.0033175,              0.0033175,              0.0033175
                    137,                0.98552,                0.49387,                0.95725,                0.84903,                 0.7193,                0.78839,                0.49261,                 1.2217,                0.55751,                 1.0446,               0.003268,               0.003268,               0.003268
                    138,                 0.9859,                0.49143,                0.95924,                0.84997,                  0.719,                0.78774,                0.49279,                 1.2214,                0.55728,                 1.0446,              0.0032185,              0.0032185,              0.0032185
                    139,                0.97853,                0.49042,                0.95561,                 0.8489,                0.71987,                0.78795,                0.49277,                 1.2212,                0.55701,                 1.0445,               0.003169,               0.003169,               0.003169
                    140,                0.97695,                0.49072,                  0.954,                0.84754,                0.72087,                0.78891,                0.49278,                 1.2209,                0.55701,                 1.0445,              0.0031195,              0.0031195,              0.0031195
                    141,                0.97571,                0.48885,                 0.9511,                0.84717,                0.72137,                0.78922,                0.49333,                 1.2207,                0.55711,                 1.0445,                0.00307,                0.00307,                0.00307
                    142,                0.97027,                0.48614,                0.95514,                0.85106,                0.71974,                0.78903,                0.49308,                 1.2205,                0.55692,                 1.0444,              0.0030205,              0.0030205,              0.0030205
                    143,                0.96624,                0.48384,                0.95174,                0.85006,                0.72173,                0.78928,                0.49366,                 1.2204,                0.55691,                 1.0444,               0.002971,               0.002971,               0.002971
                    144,                0.96584,                0.48438,                0.95275,                0.84789,                0.72209,                 0.7888,                0.49334,                 1.2202,                0.55664,                 1.0444,              0.0029215,              0.0029215,              0.0029215
                    145,                0.96886,                0.48091,                0.95177,                0.84758,                0.72168,                0.78893,                0.49375,                   1.22,                0.55659,                 1.0444,               0.002872,               0.002872,               0.002872
                    146,                0.96706,                0.48166,                0.95114,                0.84689,                0.72071,                0.78864,                0.49411,                 1.2198,                0.55634,                 1.0443,              0.0028225,              0.0028225,              0.0028225
                    147,                0.95715,                0.47741,                0.94556,                0.84772,                0.72092,                0.78888,                0.49393,                 1.2196,                0.55619,                 1.0443,               0.002773,               0.002773,               0.002773
                    148,                0.95956,                0.47835,                0.94659,                0.84887,                0.72044,                0.78861,                0.49418,                 1.2195,                0.55599,                 1.0444,              0.0027235,              0.0027235,              0.0027235
                    149,                0.95453,                0.47576,                 0.9451,                0.84896,                0.72053,                0.78902,                0.49431,                 1.2194,                 0.5559,                 1.0443,               0.002674,               0.002674,               0.002674
                    150,                0.94759,                 0.4718,                0.94265,                0.84916,                0.72082,                0.78879,                0.49413,                 1.2193,                0.55579,                 1.0443,              0.0026245,              0.0026245,              0.0026245
                    151,                0.94353,                0.47098,                0.94226,                0.84985,                0.72083,                0.78974,                0.49458,                 1.2192,                0.55562,                 1.0443,               0.002575,               0.002575,               0.002575
                    152,                0.94773,                0.47217,                0.94534,                0.85139,                0.72085,                0.78925,                0.49464,                  1.219,                0.55534,                 1.0443,              0.0025255,              0.0025255,              0.0025255
                    153,                0.94062,                0.46802,                 0.9421,                0.85362,                0.72022,                0.78988,                0.49473,                 1.2191,                0.55552,                 1.0444,               0.002476,               0.002476,               0.002476
                    154,                0.93874,                0.46691,                0.94162,                0.85169,                 0.7214,                0.78992,                0.49519,                  1.219,                0.55527,                 1.0443,              0.0024265,              0.0024265,              0.0024265
                    155,                0.93694,                0.46734,                0.93954,                0.85007,                0.72252,                0.79005,                0.49541,                 1.2188,                0.55503,                 1.0443,               0.002377,               0.002377,               0.002377
                    156,                0.93255,                 0.4632,                0.93925,                0.84967,                0.72255,                0.78978,                0.49535,                 1.2186,                0.55487,                 1.0442,              0.0023275,              0.0023275,              0.0023275
                    157,                0.93432,                0.46667,                 0.9397,                 0.8508,                0.72217,                0.78961,                0.49516,                 1.2183,                0.55475,                 1.0442,               0.002278,               0.002278,               0.002278
                    158,                0.92646,                0.46054,                0.93677,                0.85455,                0.71952,                0.78984,                0.49579,                 1.2181,                0.55462,                 1.0441,              0.0022285,              0.0022285,              0.0022285
                    159,                0.92962,                0.46138,                0.93867,                0.85494,                0.71809,                0.78985,                0.49587,                  1.218,                0.55454,                 1.0441,               0.002179,               0.002179,               0.002179
                    160,                0.92541,                0.45894,                 0.9375,                0.85516,                0.71919,                0.79011,                0.49603,                 1.2179,                0.55451,                  1.044,              0.0021295,              0.0021295,              0.0021295
                    161,                0.92024,                0.45689,                0.93631,                 0.8567,                0.71769,                0.79049,                0.49631,                 1.2176,                0.55448,                  1.044,                0.00208,                0.00208,                0.00208
                    162,                0.91847,                0.45561,                0.93545,                0.85744,                0.71862,                0.79074,                0.49679,                 1.2176,                0.55452,                 1.0441,              0.0020305,              0.0020305,              0.0020305
                    163,                0.91542,                0.45423,                0.93201,                0.85793,                 0.7185,                0.79063,                  0.497,                 1.2174,                0.55426,                  1.044,               0.001981,               0.001981,               0.001981
                    164,                0.91503,                0.45288,                0.93594,                0.85847,                0.71883,                0.79115,                0.49748,                 1.2173,                0.55413,                  1.044,              0.0019315,              0.0019315,              0.0019315
                    165,                0.91506,                 0.4522,                0.93331,                0.85851,                0.71951,                0.79184,                0.49767,                 1.2171,                0.55409,                 1.0439,               0.001882,               0.001882,               0.001882
                    166,                0.90664,                0.45095,                0.93021,                0.85792,                0.71975,                0.79112,                0.49708,                 1.2168,                0.55393,                 1.0438,              0.0018325,              0.0018325,              0.0018325
                    167,                0.90603,                 0.4498,                0.93187,                0.85868,                0.71982,                0.79109,                0.49761,                 1.2168,                 0.5537,                 1.0438,               0.001783,               0.001783,               0.001783
                    168,                0.90783,                0.45134,                0.93048,                0.85674,                0.72106,                0.79137,                0.49779,                 1.2166,                0.55373,                 1.0438,              0.0017335,              0.0017335,              0.0017335
                    169,                0.89994,                 0.4469,                0.93074,                0.85511,                0.72215,                0.79158,                0.49765,                 1.2167,                0.55364,                 1.0438,               0.001684,               0.001684,               0.001684
                    170,                0.89769,                0.44615,                0.92868,                0.85386,                0.72375,                0.79169,                0.49793,                 1.2165,                0.55352,                 1.0439,              0.0016345,              0.0016345,              0.0016345
                    171,                0.89509,                0.44435,                0.92908,                  0.854,                0.72387,                0.79155,                0.49777,                 1.2164,                0.55334,                 1.0439,               0.001585,               0.001585,               0.001585
                    172,                0.89393,                0.44504,                0.92892,                0.85455,                0.72361,                0.79158,                0.49759,                 1.2162,                0.55343,                 1.0439,              0.0015355,              0.0015355,              0.0015355
                    173,                 0.8954,                0.44368,                0.92534,                0.85476,                0.72374,                0.79193,                0.49782,                 1.2164,                0.55324,                 1.0439,               0.001486,               0.001486,               0.001486
                    174,                0.88631,                0.44101,                0.92592,                0.85346,                0.72376,                0.79197,                0.49788,                 1.2159,                0.55282,                 1.0438,              0.0014365,              0.0014365,              0.0014365
                    175,                0.88625,                0.43983,                0.92412,                 0.8538,                0.72367,                0.79203,                0.49778,                 1.2158,                0.55269,                 1.0437,               0.001387,               0.001387,               0.001387
                    176,                0.88344,                0.43841,                0.92504,                 0.8553,                0.72342,                0.79177,                0.49816,                 1.2156,                0.55237,                 1.0437,              0.0013375,              0.0013375,              0.0013375
                    177,                0.87658,                0.43584,                0.92365,                0.85526,                0.72395,                0.79233,                0.49822,                 1.2155,                0.55244,                 1.0437,               0.001288,               0.001288,               0.001288
                    178,                 0.8748,                0.43362,                0.91947,                0.85536,                0.72391,                0.79243,                0.49824,                 1.2153,                0.55234,                 1.0437,              0.0012385,              0.0012385,              0.0012385
                    179,                0.87534,                0.43431,                0.92374,                0.85482,                0.72499,                0.79264,                 0.4986,                  1.215,                0.55222,                 1.0437,               0.001189,               0.001189,               0.001189
                    180,                0.86856,                0.42989,                0.92147,                 0.8555,                0.72541,                 0.7925,                0.49858,                 1.2149,                0.55212,                 1.0438,              0.0011395,              0.0011395,              0.0011395
                    181,                0.87018,                0.43074,                0.91987,                0.85534,                0.72537,                0.79244,                0.49872,                 1.2147,                0.55188,                 1.0438,                0.00109,                0.00109,                0.00109
                    182,                0.86831,                0.42975,                 0.9208,                0.85483,                0.72585,                0.79312,                0.49921,                 1.2147,                0.55178,                 1.0439,              0.0010405,              0.0010405,              0.0010405
                    183,                0.86552,                0.42869,                0.91952,                0.85527,                0.72566,                0.79239,                 0.4994,                 1.2148,                0.55186,                 1.0439,               0.000991,               0.000991,               0.000991
                    184,                0.86258,                0.42649,                0.91765,                0.85506,                 0.7252,                0.79285,                0.49999,                 1.2145,                0.55174,                 1.0439,              0.0009415,              0.0009415,              0.0009415
                    185,                0.86223,                0.42686,                0.91852,                 0.8561,                0.72439,                0.79252,                0.49987,                 1.2145,                0.55169,                 1.0439,               0.000892,               0.000892,               0.000892
                    186,                0.85921,                0.42489,                0.91905,                0.85611,                0.72449,                0.79266,                0.50021,                 1.2143,                0.55155,                 1.0439,              0.0008425,              0.0008425,              0.0008425
                    187,                0.85304,                0.42201,                0.91545,                0.85631,                0.72427,                0.79282,                0.50066,                 1.2143,                0.55164,                  1.044,               0.000793,               0.000793,               0.000793
                    188,                 0.8503,                 0.4197,                0.91551,                0.85711,                 0.7237,                0.79299,                0.50052,                 1.2141,                0.55172,                  1.044,              0.0007435,              0.0007435,              0.0007435
                    189,                0.85155,                0.42217,                0.91676,                0.85706,                0.72381,                0.79347,                0.50109,                 1.2141,                0.55184,                 1.0441,               0.000694,               0.000694,               0.000694
                    190,                0.84503,                0.41869,                0.91507,                0.85726,                0.72391,                0.79385,                0.50098,                  1.214,                 0.5519,                 1.0442,              0.0006445,              0.0006445,              0.0006445
                    191,                0.84729,                0.41983,                  0.914,                0.85489,                0.72561,                0.79373,                0.50135,                 1.2141,                0.55187,                 1.0443,               0.000595,               0.000595,               0.000595
                    192,                0.83997,                0.41538,                0.91252,                0.85624,                0.72444,                 0.7942,                0.50181,                 1.2139,                0.55182,                 1.0444,              0.0005455,              0.0005455,              0.0005455
                    193,                0.84342,                0.41676,                 0.9143,                 0.8547,                0.72561,                0.79391,                0.50174,                 1.2139,                0.55174,                 1.0446,               0.000496,               0.000496,               0.000496
                    194,                 0.8403,                0.41634,                0.91107,                0.85413,                0.72578,                0.79371,                 0.5019,                 1.2139,                0.55193,                 1.0447,              0.0004465,              0.0004465,              0.0004465
                    195,                0.83296,                0.41149,                0.91144,                0.85468,                0.72607,                0.79443,                0.50233,                 1.2139,                 0.5521,                 1.0447,               0.000397,               0.000397,               0.000397
                    196,                0.83027,                0.41123,                0.91078,                 0.8533,                0.72686,                0.79396,                0.50225,                 1.2139,                0.55214,                 1.0449,              0.0003475,              0.0003475,              0.0003475
                    197,                0.83191,                 0.4115,                0.91102,                0.85135,                0.72786,                0.79399,                0.50235,                 1.2138,                0.55226,                 1.0451,               0.000298,               0.000298,               0.000298
                    198,                0.82593,                0.40789,                0.90897,                0.85003,                0.72896,                0.79408,                0.50267,                 1.2138,                0.55208,                 1.0452,              0.0002485,              0.0002485,              0.0002485
                    199,                0.82694,                0.40985,                0.90866,                 0.8494,                0.72794,                 0.7943,                0.50247,                 1.2135,                0.55207,                 1.0453,               0.000199,               0.000199,               0.000199
